﻿1;3;Who write the To kill a Mockingbird;Mark Twain;Harper Lee;Ernest Hemingway;Charles Dickens;b
2;1;What is the capital of Turkey?;İzmir;Ankara;Istanbul;Bursa;b
3;2;What is the symbol of gold;Au;Ag;Fe;Go;a
4;1;What is the color of leaf?;Red;Green;Blue;Black;b
5;3;Which of the following elements is a noble gas?;Neon;Oxygen;Hydrogen;Carbon;a
6;3;What is the fundamental force responsible for holding the nucleus of an atom together?;Electromagnetic force;Gravitational force;Strong nuclear force;Weak nuclear force;c
7;3;"In literature, which 20th-century author wrote the novel ""One Hundred Years of Solitude""?";Ernest Hemingway;Gabriel García Márquez;James Joyce;F. Scott Fitzgerald;b
8;1;What do you use to write with on paper?;Keyboard;Mouse;Pencil;Calculator;c
9;1;Which of the following is a mammal that can fly?;Frog;Turtle;Fish;Bat;d
10;2;Who is credited with the theory of relativity?;Albert Einstein;Isaac Newton;Nikola Tesla;Galileo Galilei;a
11;2;In physics, what is the SI unit of electric current?;Volt;Ampere;Ohm;Watt;b
12;2;Which planet is closest to the Sun?;Earth;Mars;Venus;Mercury;d
13;1;What is the capital of France?;Paris;London;Antalya;Amsterdam;a
14;1;Who wrote the play “Romeo and Juliet” ?;Jack London;Goethe;William Shakespeare;Franz Kafka;C
15;1;How many continents are there in the world?;3;7;6;9;b
16;2;What is the largest mammal in the world? ;Elephant;Dolphin;Monkey;Blue Whale;d
17;2;What is the chemical symbol for water?;H20;NaCl;MgCl;Al3Fe;a
18;3;Who discovered penicillin?; Louis Pasteur;Robert Koch;Alexander Fleming;Marie Curie;c
19;3;Which country known as the Land of the Rising Sun?;Japan;England;France;Germany;a
20;3;What is the name of the river in the world?;Amazon River;Nile River;Volga River;Mississippi River;b